"","name","sector","what_they_did","how_much_they_raised","why_they_failed","takeaway","giants","no_budget","competition","poor_market_fit","acquisition_stagnation","platform_dependency","monetization_failure","niche_limits","execution_flaws","trend_shifts","toxicity_trust_issues","regulatory_pressure","overhype","high_operational_costs","start_year","end_year","business_operation_year","id"
"1","Avant","Finance and Insurance","Online personal loans","$655M","Lost to LendingClub and high defaults","Lending needs risk balance",1,1,1,0,0,0,0,0,0,0,0,0,0,NA,2012,2023,11,1
"2","Bitpass","Finance and Insurance","Micropayments platform","$2M","Lost to PayPal and low adoption","Micropayments need mass use",1,0,1,1,0,0,0,0,0,0,0,0,0,NA,2002,2008,6,2
"3","Cake Financial","Finance and Insurance","Portfolio tracking tool","$3M","Lost to Mint and sold to TradeKing","Finance tools need scale",1,0,1,0,1,0,0,0,0,0,0,0,0,NA,2006,2011,5,3
"4","Circle","Finance and Insurance","Crypto payments and stablecoin","$500M","Lost to Coinbase and market shifts","Crypto needs stability",1,0,1,0,0,0,0,0,0,1,0,0,0,NA,2013,2023,10,4
"5","Clarity Money","Finance and Insurance","Personal finance app","$11M","Lost to Mint/Acorns and sold to Goldman","Finance apps need edge",1,0,1,0,1,0,0,0,0,0,0,0,0,NA,2016,2022,6,5
"6","Clinkle","Finance and Insurance","Mobile wallet","$30M","No product vs Apple Pay/PayPal","Execution over promises",1,0,1,0,0,0,0,0,1,0,0,0,1,NA,2011,2016,5,6
"7","Coinbase NFT","Finance and Insurance","NFT marketplace","$0 (Coinbase-funded)","Lost to OpenSea and NFT crash","NFTs need timing",1,0,1,0,0,0,0,0,0,1,0,0,0,NA,2021,2023,2,7
"8","FundersClub","Finance and Insurance","Crowdfunding for startups","$20M","Lost to Kickstarter and low ROI","Crowdfunding needs hits",1,0,1,0,0,0,1,0,0,0,0,0,0,NA,2012,2022,10,8
"9","Fuze Network","Finance and Insurance","Prepaid card payments","$5M","Lost to Green Dot and small scale","Prepaid needs reach",1,0,1,0,0,0,0,1,0,0,0,0,0,NA,2010,2016,6,9
"10","Indiegogo Life","Finance and Insurance","Personal crowdfunding","$10M (est.)","Lost to GoFundMe and niche focus","Personal funding needs appeal",1,0,1,1,0,0,0,1,0,0,0,0,0,NA,2014,2019,5,10
"11","Isentium","Finance and Insurance","Social sentiment for trading","$15M","Lost to Bloomberg and low uptake","Trading tools need traction",1,0,1,1,0,0,0,0,0,0,0,0,0,NA,2012,2020,8,11
"12","LendUp","Finance and Insurance","Loans for subprime borrowers","$350M","Regulatory fines and OppLoans competition","Fintech can’t skirt regs",1,0,1,0,0,0,0,0,0,0,1,1,0,NA,2012,2021,9,12
"13","LendingClub","Finance and Insurance","P2P lending platform","$1B","Lost to banks and trust issues","P2P needs trust",1,0,1,0,0,0,0,0,0,0,1,0,0,NA,2006,2021,15,13
"14","LendLayer","Finance and Insurance","Coding bootcamp loans","$0.4M","Lost to Affirm and sold","Small niches get swallowed",1,0,1,0,1,0,0,1,0,0,0,0,0,NA,2013,2017,4,14
"15","Loyal3","Finance and Insurance","Commission-free brokerage","$30M","Lost to Robinhood and closed","Brokerages need volume",1,0,1,0,0,0,0,0,0,0,0,0,0,NA,2008,2018,10,15
"16","Money360","Finance and Insurance","Real estate lending platform","$10M (est.)","Lost to Fundrise and slow growth","Lending needs scale",1,0,1,0,0,0,0,0,0,0,0,0,0,NA,2012,2020,8,16
"17","Monitor110","Finance and Insurance","Financial data aggregator","$3M (est.)","Lost to Bloomberg and early market","Timing is key",1,0,1,1,0,0,0,0,0,0,0,0,0,NA,2005,2008,3,17
"18","Mozido","Finance and Insurance","Mobile payments platform","$185M","Lost to Square and mismanagement","Payments need execution",1,0,1,0,0,0,0,0,1,0,0,0,0,NA,2008,2017,9,18
"19","Pawngo","Finance and Insurance","Online pawn lending","$6M","Lost to traditional pawnshops and niche","Niche lending needs demand",0,0,1,1,0,0,0,1,0,0,0,0,0,NA,2011,2017,6,19
"20","Pay By Touch","Finance and Insurance","Biometric payments","$300M (est.)","Lost to PayPal and tech issues","Biometrics need reliability",1,0,1,0,0,0,0,0,1,0,0,0,0,NA,2002,2007,5,20
"21","Plum Will","Finance and Insurance","Digital estate planning","$2M (est.)","Lost to LegalZoom and low uptake","Estate tech needs traction",1,0,1,1,0,0,0,0,0,0,0,0,0,NA,2015,2020,5,21
"22","PoundPay","Finance and Insurance","Payment gateway","$1M (est.)","Lost to Stripe and sold","Payments need scale",1,0,1,0,1,0,0,0,0,0,0,0,0,NA,2009,2013,4,22
"23","ReadyForZero","Finance and Insurance","Debt management app","$5M","Lost to Credit Karma and sold","Debt tools need edge",1,0,1,0,1,0,0,0,0,0,0,0,0,NA,2010,2017,7,23
"24","RushCard","Finance and Insurance","Prepaid debit card","$20M (est.)","Lost to Chime and trust issues","Prepaid needs trust",1,0,1,0,0,0,0,0,0,0,1,0,0,NA,2003,2018,15,24
"25","Seed","Finance and Insurance","Small biz banking","$5M","Lost to Brex and closed","Banking needs scale",1,0,1,0,0,0,0,0,0,0,0,0,0,NA,2012,2017,5,25
"26","Sensible","Finance and Insurance","Personal finance for gig workers","$4M (est.)","Lost to Even and niche","Niche finance needs reach",1,0,1,1,0,0,0,1,0,0,0,0,0,NA,2016,2020,4,26
"27","SigFig","Finance and Insurance","Robo-advisor","$70M","Lost to Wealthfront and sold","Robo-advisors need edge",1,0,1,0,1,0,0,0,0,0,0,0,0,NA,2007,2018,11,27
"28","Simple","Finance and Insurance","Neobank with budgeting","$25M","Lost to Chime/Ally and shut post-BBVA sale","Neobanks need independence",1,0,1,0,1,0,0,0,0,0,0,0,0,NA,2009,2016,7,28
"29","SmartAsset","Finance and Insurance","Financial planning tools","$161M","Lost to NerdWallet and slow growth","Planning needs traction",1,0,1,0,0,0,0,0,0,0,0,0,0,NA,2012,2023,11,29
"30","SoFi Social","Finance and Insurance","Social finance platform","$0 (SoFi-funded)","Lost to Robinhood and niche","Social finance needs scale",1,0,1,1,0,0,0,1,0,0,0,0,0,NA,2016,2021,5,30
"31","Square Cash","Finance and Insurance","P2P payments (early)","$0 (Square-funded)","Lost to Venmo and pivoted","Payments need dominance",1,0,1,0,0,0,0,0,0,0,0,0,0,NA,2013,2020,7,31
"32","Taulia","Finance and Insurance","Supply chain finance","$200M","Lost to Coupa and sold","Finance needs edge",1,0,1,0,1,0,0,0,0,0,0,0,0,NA,2009,2022,13,32
"33","Tilt","Finance and Insurance","Social crowdfunding","$67M","Lost to GoFundMe and sold","Crowdfunding needs mass",1,0,1,0,1,0,0,0,0,0,0,0,0,NA,2012,2018,6,33
"34","Toshl","Finance and Insurance","Personal finance app","$1M (est.)","Lost to Mint and low scale","Finance apps need reach",1,0,1,0,0,0,0,0,0,0,0,0,0,NA,2008,2020,12,34
"35","TrustEgg","Finance and Insurance","Crowdfunded trusts","$0.5M (est.)","Lost to traditional trusts and niche","Niche needs demand",0,0,1,1,0,0,0,1,0,0,0,0,0,NA,2012,2016,4,35
"36","Upstart","Finance and Insurance","AI-driven lending","$144M","Lost to banks and high defaults","Lending needs stability",1,1,1,0,0,0,0,0,0,0,0,0,0,NA,2012,2023,11,36
"37","Vemo","Finance and Insurance","Income-share agreements","$20M (est.)","Lost to Lambda School and regs","ISAs need traction",1,0,1,0,0,0,0,0,0,0,0,1,0,NA,2015,2021,6,37
"38","Venmo Groups","Finance and Insurance","Group payments feature","$0 (Venmo-funded)","Lost to Splitwise and niche","Niche payments need use",1,0,1,1,0,0,0,1,0,0,0,0,0,NA,2015,2020,5,38
"39","Vittana","Finance and Insurance","Student microloans","$5M (est.)","Lost to SoFi and low scale","Microloans need reach",1,0,1,0,0,0,0,1,0,0,0,0,0,NA,2008,2015,7,39
"40","Wealthfront Cash","Finance and Insurance","High-yield savings","$0 (Wealthfront-funded)","Lost to Ally and pivoted","Savings need edge",1,0,1,0,0,0,0,0,0,0,0,0,0,NA,2018,2023,5,40
"41","Wealthsimple Trade","Finance and Insurance","Commission-free trading","$0 (Wealthsimple-funded)","Lost to Robinhood and pivoted","Trading needs volume",1,0,1,0,0,0,0,0,0,0,0,0,NA,NA,2017,2023,6,41
"42","Wepay","Finance and Insurance","Payment processing","$75M","Lost to Stripe and sold","Payments need scale",1,0,1,0,1,0,0,0,0,0,0,0,0,NA,2008,2020,12,42
"43","Wesabe","Finance and Insurance","Personal finance app","$4M","Lost to Mint and early market","Timing matters",1,0,1,1,0,0,0,0,0,0,0,0,0,NA,2006,2011,5,43
"44","Wise","Finance and Insurance","International transfers","$689M","Lost to PayPal and high costs","Transfers need edge",1,1,1,0,0,0,0,0,0,0,0,0,0,NA,2011,2023,12,44
"45","YayPay","Finance and Insurance","Accounts receivable automation","$15M","Lost to Bill.com and sold","Automation needs scale",1,0,1,0,1,0,0,0,0,0,0,0,0,NA,2015,2021,6,45
"46","Ycharts","Finance and Insurance","Financial data platform","$15M","Lost to Bloomberg and sold","Data needs dominance",1,0,1,0,1,0,0,0,0,0,0,0,0,NA,2009,2021,12,46
"47","ZestFinance","Finance and Insurance","AI underwriting loans","$112M","Lost to Upstart and regs","Lending needs compliance",1,0,1,0,0,0,0,0,0,0,0,1,0,NA,2009,2020,11,47
"48","Cafe X","Accommodation and Food Services","Robotic coffee kiosks","$15M","Closed 2021; low adoption; lost to Starbucks","Humans trump robots",1,0,1,1,0,NA,0,0,0,0,NA,NA,NA,1,2015,2021,6,48
"49","Caviar","Accommodation and Food Services","Premium food delivery","$90M","Sold 2020; couldn't scale; lost to DoorDash","Premium loses to scale",1,0,1,0,1,NA,0,0,0,0,NA,NA,NA,0,2012,2020,8,49
"50","Chef'd","Accommodation and Food Services","Meal kit delivery","$35M","Closed 2019; high costs; lost to Blue Apron","Costs cook meal kits",1,0,1,0,0,NA,0,0,0,0,NA,NA,NA,1,2014,2019,5,50
"51","ChowNow","Accommodation and Food Services","Restaurant ordering platform","$64M","Faded 2023; lost to DoorDash","Middlemen get squeezed",1,0,1,0,0,NA,0,0,0,0,NA,NA,NA,0,2011,2023,12,51
"52","Clover","Accommodation and Food Services","Plant-based fast food chain","$20M","Closed 2020; niche; lost to McDonald's","Niche eats need taste",1,0,1,0,0,NA,0,1,0,0,NA,NA,NA,1,2012,2020,8,52
"53","Curb Food","Accommodation and Food Services","Automated ghost kitchens","$10M","Closed 2023; tech glitches; lost to DoorDash","Robots need results",1,0,1,0,0,NA,0,0,1,0,NA,NA,NA,1,2019,2023,4,53
"54","Dinner Lab","Accommodation and Food Services","Pop-up dining events","$10M","Closed 2017; high costs; low demand","Events need economics",0,1,0,1,0,NA,0,0,0,0,NA,NA,NA,1,2011,2017,6,54
"55","Flowtab","Accommodation and Food Services","Bar ordering app","$2M","Closed 2014; low adoption; lost to POS systems","Convenience needs converts",0,1,0,1,0,NA,0,0,0,0,NA,NA,NA,0,2011,2014,3,55
"56","Foodler","Accommodation and Food Services","Food delivery aggregator","$5M","Sold 2018; lost to Grubhub","Aggregators need scale",1,0,1,0,1,NA,0,0,0,0,NA,NA,NA,0,2004,2018,14,56
"57","Grubwithus","Accommodation and Food Services","Social dining events","$8M","Closed 2015; waned demand; high costs","Social dining needs crowd",0,1,0,1,0,NA,0,0,0,0,NA,NA,NA,1,2010,2015,5,57
"58","Maple","Accommodation and Food Services","Premium meal delivery","$50M","Closed 2019; high costs; lost to DoorDash","Premium food needs profit",1,0,1,0,0,NA,0,0,0,0,NA,NA,NA,1,2014,2019,5,58
"59","Munchery","Accommodation and Food Services","Chef-prepared meal delivery","$125M","Bankruptcy 2018; overexpansion; lost to Grubhub","Expansion eats cash",1,0,1,0,0,NA,0,0,1,0,NA,NA,NA,1,2010,2018,8,59
"60","Nosh","Accommodation and Food Services","Healthy meal delivery","$5M","Closed 2017; low demand; lost to HelloFresh","Health needs scale",1,1,1,0,0,NA,0,0,0,0,NA,NA,NA,1,2013,2017,4,60
"61","OrderAhead","Accommodation and Food Services","Restaurant pickup app","$10M","Sold 2017; lost to DoorDash","Pickup needs giants",1,0,1,0,1,NA,0,0,0,1,NA,NA,NA,0,2011,2017,6,61
"62","Presto","Accommodation and Food Services","Restaurant ordering tablets","$30M","Closed 2020; low adoption; lost to Ziosk","Tech needs diners",0,0,1,1,0,NA,0,0,0,0,NA,NA,NA,1,2015,2020,5,62
"63","Revolution Foods","Accommodation and Food Services","Healthy school meals","$120M","Faded 2021; high costs; lost to Aramark","Schools squeeze margins",0,0,1,0,0,NA,0,0,0,0,NA,NA,NA,1,2006,2021,15,63
"64","Ritual","Accommodation and Food Services","Food pickup app","$135M","Faded 2022; lost to DoorDash; pickup waned","Delivery beats pickup",1,0,1,0,0,NA,0,0,0,1,NA,NA,NA,1,2014,2022,8,64
"65","SpoonRocket","Accommodation and Food Services","On-demand meal delivery","$13M","Closed 2017; thin margins; lost to DoorDash","Speed costs too much",1,1,1,0,0,NA,1,0,0,0,NA,NA,NA,0,2013,2017,4,65
"66","Tonx","Accommodation and Food Services","Coffee subscription service","$4M","Sold 2017; lost to Blue Bottle","Beans need scale",1,0,0,0,1,NA,0,0,0,0,NA,NA,NA,0,2012,2017,5,67
"67","Zesty","Accommodation and Food Services","Healthy meal delivery","$20M","Closed 2019; high costs; lost to DoorDash","Health needs scale",1,0,1,0,0,NA,1,0,0,0,NA,NA,NA,1,2012,2019,7,68
"68","Zomato Base","Accommodation and Food Services","Restaurant management tool","$660M (Zomato)","Phased out 2020; lost to Toast","Tools need focus",0,0,1,0,0,NA,0,0,0,0,NA,NA,NA,0,2015,2020,5,69
"69","Deskbeers","Accommodation and Food Services","Craft beer subscription","$1M","Closed 2019; niche; lost to local bars","Booze needs breadth",1,1,0,0,0,NA,0,1,0,0,NA,NA,NA,0,2014,2019,5,70
"70","HelloFresh Recipe","Accommodation and Food Services","Recipe platform spinoff","$300M (HelloFresh)","Phased out 2020; lost to Blue Apron","Spinoffs need spark",1,0,1,0,0,NA,0,0,0,0,NA,NA,NA,0,2012,2020,8,71
"71","Tavour","Accommodation and Food Services","Craft beer delivery","$10M","Faded 2022; lost to Total Wine","Craft needs scale",1,0,0,0,0,NA,0,1,0,0,NA,NA,NA,0,2013,2022,9,72
"72","Tastemade Travel","Accommodation and Food Services","Food-tourism platform","$80M (Tastemade)","Faded 2022; low demand; lost to Airbnb","Travel eats budgets",1,0,1,1,0,NA,0,0,0,0,NA,NA,NA,0,2017,2022,5,73
"73","Aira Health","Health Care","Personalized asthma/allergy app","$12M","Small user base and cash shortage","Niche apps need big audiences",0,1,1,1,0,0,1,1,0,0,0,0,0,NA,2015,2019,4,74
"74","Amino","Health Care","Doctor search and cost estimation","$45M","Lost to Zocdoc/GoodRx and slow adoption","Narrow focus beats broad",1,0,1,1,0,0,1,0,0,0,0,0,0,NA,2013,2021,8,75
"75","Arivale","Health Care","Personalized health coaching","$50M","High costs and low demand","Premium needs mass market",0,1,0,1,0,0,1,0,0,0,0,0,0,NA,2015,2019,4,76
"76","Augmedix","Health Care","Remote medical scribes","$150M","Lost to software rivals and acquired","Flexibility beats rigidity",1,0,1,0,1,0,0,0,0,0,0,0,0,NA,2012,2024,12,77
"77","Avizia","Health Care","Telemedicine for hospitals","$32M","Outpaced by bigger rivals and acquired","Niche needs a moat",1,0,1,0,1,0,0,0,0,0,0,0,0,NA,2014,2018,4,78
"78","Babylon Health","Health Care","AI-powered telemedicine","$635M","Overexpansion and losses","Quality must match scale",1,1,1,0,0,0,0,0,1,0,0,0,0,NA,2013,2023,10,79
"79","Basis","Health Care","Health smartwatch","$30M","Overheating and competition","Reliability is make-or-break",1,0,1,0,0,0,0,0,1,0,0,0,0,NA,2014,2016,2,80
"80","Better","Health Care","Mental health for employees","$4.5M","Crowded market and no differentiation","Unique value is critical",1,0,1,1,0,0,0,0,0,0,0,0,0,NA,2016,2023,7,81
"81","BetterHelp","Health Care","Online therapy (early)","$31M","Trust issues and competition","Trust comes first",1,0,1,1,0,0,0,0,0,0,1,0,0,NA,2013,2017,4,82
"82","BioBeats","Health Care","Stress monitoring wearable","$7M","Lost to bigger players and acquired","Standout use case needed",1,0,1,0,1,0,0,0,0,0,0,0,0,NA,2014,2020,6,83
"83","Call9","Health Care","Telemedicine for nursing homes","$34M","Slow growth and high costs","Execution must scale",0,1,0,1,0,0,1,0,1,0,0,0,0,NA,2015,2019,4,84
"84","Cardiogram","Health Care","Heart rate analysis app","$2M","Monetization and differentiation woes","Validation is key",1,1,1,1,0,0,1,0,0,0,0,0,0,NA,2016,2021,5,85
"85","CareSync","Health Care","Care coordination platform","$48M","No payer contracts and revenue","Need payer buy-in",0,1,0,1,0,0,1,0,0,0,0,0,0,NA,2011,2018,7,86
"86","CareZone","Health Care","Medication management app","$161M","Lost to free tools and sold","Defensible revenue matters",1,0,1,0,1,0,1,0,0,0,0,0,0,NA,2013,2020,7,87
"87","Clarityn","Health Care","AI eye diagnostics","$20M","Lost to IDx and regulatory delays","Regulatory wins are key",1,0,1,0,0,0,0,0,1,0,0,1,0,NA,2016,2020,4,88
"88","Cue Health","Health Care","At-home diagnostics","$404M","Post-COVID crash and costs","Plan for cycles",0,1,0,0,0,0,0,0,0,1,0,0,0,NA,2014,2024,10,90
"89","Dopamine Labs","Health Care","Behavioral tech for apps","$2.5M","Lost focus and faded","Focus wins in health",0,0,0,1,0,0,0,0,1,0,0,0,0,NA,2015,2019,4,91
"90","Doxy.me","Health Care","Free telemedicine (early)","$5M","Free model unsustainable","Monetization is key",1,1,1,0,0,0,1,0,0,0,0,0,0,NA,2013,2018,5,92
"91","Driver","Health Care","Cancer trial matching","$lowM","Bad pricing and funding","Validate willingness to pay",0,1,0,1,0,0,1,0,0,0,0,0,1,NA,2018,2018,0,93
"92","Dthera Sciences","Health Care","Alzheimer’s therapeutic","$3M","Small market and funding","Niche needs deep pockets",0,1,0,1,0,0,0,1,0,0,0,0,0,NA,2016,2020,4,94
"93","Eargo","Health Care","Hearing aids","$316M","Fraud allegations and competition","Trust is king",1,0,1,0,0,0,0,0,0,0,1,0,0,NA,2010,2023,13,95
"94","FitStar","Health Care","Fitness app","$5M","Lost steam and acquired","Killer edge needed",1,0,1,0,1,0,0,0,0,0,0,0,0,NA,2013,2015,2,96
"95","Ginger","Health Care","Mental health support","$220M","High costs and merged","Profitability matters",1,1,1,0,1,0,0,0,0,0,0,0,0,NA,2011,2021,10,97
"96","Goldfinch Bio","Health Care","Precision kidney meds","$209M","Funding dried up and slow progress","Timing is critical",0,1,0,0,0,0,0,0,1,1,0,0,0,NA,2016,2023,7,98
"97","Healx","Health Care","AI for rare diseases","$110M","Funding crunch and slow results","Deliver or downsize",0,1,0,0,0,0,0,0,1,1,0,0,0,NA,2014,2023,9,99
"98","Health IQ","Health Care","Health-based insurance","$136M","Risk models and scrutiny","Math and compliance matter",0,0,0,0,0,0,0,0,1,0,1,1,0,NA,2014,2023,9,100
"99","HealthRiser","Health Care","Posture wearable","$8M","Lost to Fitbit and costs","Mass appeal needed",1,1,1,0,0,0,0,1,0,0,0,0,0,NA,2015,2019,4,101
"100","HealthSpot","Health Care","Telemedicine kiosks","$43M","Lost to software rivals","Flexibility beats rigidity",1,1,1,0,0,0,0,0,0,0,0,0,0,NA,2012,2016,4,102
"101","HealthTap+","Health Care","Subscription telemedicine","$88M","Low retention and pivot","Sticky engagement needed",1,0,1,1,0,0,0,0,0,0,0,0,0,NA,2010,2017,7,103
"102","HealthifyMe","Health Care","Fitness app (early)","$125M","Slow retention and pivot","Evolve or lose",1,0,1,1,0,0,0,0,0,0,0,0,0,NA,2011,2018,7,104
"103","InTouch Health","Health Care","Telemedicine robots","$78M","Scalability issues and sold","Plan for acquisition",1,0,1,0,1,0,0,0,0,0,0,0,0,NA,2002,2020,18,105
"104","iRhythm","Health Care","Heart monitoring patch","$150M","Reimbursement woes early","Payer alignment is key",0,0,0,1,0,0,1,0,1,0,0,0,0,NA,2006,2015,9,106
"105","Jawbone","Health Care","Fitness trackers","$930M","Competition and quality issues","Differentiate or die",1,0,1,0,0,0,0,0,1,0,0,0,0,NA,2006,2017,11,107
"106","Kaiku Health","Health Care","Cancer symptom tracking","$6M","Slow adoption and acquired","Traction matters",0,0,0,1,1,0,0,0,0,0,0,0,0,NA,2012,2020,8,108
"107","Kyruus","Health Care","Doctor matching (early)","$153M","Lack of traction and pivot","Validate demand early",0,0,0,1,0,0,0,0,0,0,0,0,0,NA,2010,2015,5,109
"108","Lantern","Health Care","Digital mental health","$21M","Slow adoption and misjudgment","Plan for long cycles",0,0,0,1,0,0,1,0,0,0,0,0,1,NA,2012,2018,6,110
"109","Lantern Pharma","Health Care","AI drug repurposing","$26M","Slow results and pivot","Quick wins matter",1,0,1,0,0,0,0,0,1,0,0,0,1,NA,2013,2018,5,111
"110","Luminary Labs","Health Care","AI skincare diagnostics","$12M","Crowded market and cash out","Validate niche early",1,1,1,0,0,0,0,0,0,0,0,0,0,NA,2017,2021,4,112
"111","Lumeon","Health Care","Care orchestration","$92M","Slow sales and wind-down","Budget for long runways",0,0,0,1,0,0,1,0,0,0,0,0,0,NA,2005,2023,18,113
"112","MediChain","Health Care","Blockchain medical records","$15M","Lost to Epic and crypto crash","Real-world buy-in needed",1,1,1,1,0,0,0,0,0,1,0,0,0,NA,2017,2020,3,114
"113","Medicasafe","Health Care","Smart pill dispenser","$5M","High costs and low uptake","Simple beats complex",0,1,0,1,0,0,0,1,0,0,0,0,0,NA,2012,2018,6,115
"114","Mindstrong","Health Care","Mental health via data","$160M","No actionable insights","Prove outcomes",1,0,1,1,0,0,1,0,0,0,0,0,1,NA,2014,2023,9,116
"115","Modern Health","Health Care","Mental health for employees","$167M","Layoffs and valuation cuts","Growth must match fundamentals",1,0,1,0,0,0,0,0,1,0,0,0,0,NA,2017,2023,6,117
"116","Nurx","Health Care","Telehealth birth control","$115M","Reg hurdles and competition","Scale and compliance",1,0,1,0,0,0,0,0,0,0,0,1,0,NA,2014,2019,5,118
"117","Olive","Health Care","AI healthcare automation","$856M","Downturn and mismanagement","Adapt to shifts",0,1,0,0,0,0,0,0,1,1,0,0,0,NA,2012,2023,11,119
"118","Omada Health","Health Care","Diabetes prevention (early)","$550M","Slow payer adoption and pivot","Payers drive success",0,0,0,1,0,0,1,0,0,0,0,0,0,NA,2011,2016,5,120
"119","Outset Medical","Health Care","Portable dialysis (early)","$200M","Production snags and competition","Flawless execution needed",1,1,1,0,0,0,0,0,1,0,0,0,0,NA,2010,2015,5,121
"120","Pear Therapeutics","Health Care","Digital therapeutics","$409M","Reimbursement woes","Therapeutics need economics",1,0,1,1,0,0,1,0,0,0,0,0,0,NA,2013,2023,10,122
"121","PillPack","Health Care","Pre-sorted meds delivery","$118M","Profitability woes and sold","Scale or get gobbled",0,0,0,0,1,0,1,0,0,0,0,0,0,NA,2013,2018,5,123
"122","Proteus Digital Health","Health Care","Ingestible sensors","$500M","Failed partnership and costs","Don’t bet on one partner",0,1,0,0,0,0,0,0,1,0,0,1,0,NA,2004,2020,16,124
"123","Quit Genius","Health Care","Quit smoking app","$77M","Low retention and adoption","Stickiness beyond novelty",0,0,0,1,0,0,1,0,0,0,0,0,0,NA,2017,2023,6,125
"124","Scanadu","Health Care","Home vitals device","$35M","Regulatory delays and competition","Speed to market matters",1,0,1,0,0,0,0,0,0,0,0,1,0,NA,2012,2016,4,126
"125","Sherpaa","Health Care","Virtual primary care","$22M","Slow uptake and sold","Big clients fast",1,0,1,1,1,0,0,0,0,0,0,0,0,NA,2012,2019,7,127
"126","Sprig","Health Care","Healthy meal delivery","$56M","High costs and competition","Need cost advantage",1,1,1,0,0,0,0,0,0,0,0,0,0,NA,2013,2017,4,128
"127","StethoCloud","Health Care","Digital stethoscope","$1.5M","Distribution and funding","Mission needs business model",0,1,0,1,0,0,0,1,0,0,0,0,0,NA,2012,2015,3,129
"128","Theranos","Health Care","Blood testing tech","$1.4B","Fraud and tech didn’t work","Transparency is key",0,0,0,0,0,0,0,0,0,0,1,0,1,NA,2003,2018,15,130
"129","Tinnitracks","Health Care","Tinnitus treatment app","$6M","Limited proof and market","Evidence matters",1,0,1,1,0,0,0,1,0,0,0,0,0,NA,2013,2020,7,131
"130","uBiome","Health Care","Microbiome testing","$105M","Fraudulent billing","Ethics are non-negotiable",0,0,0,0,0,0,0,0,0,0,1,0,0,NA,2012,2019,7,132
"131","Zeo","Health Care","Sleep tracking headband","$30M","Competition and no viable model","Broad appeal needed",1,0,1,1,0,0,1,1,0,0,0,0,0,NA,2008,2013,5,133
"132","Airy Labs","Information","Educational mobile games for kids","$1.5M","Shut down in 2012 after chaotic sprint; too many games; no focus; cash ran out","Focus beats frenzy",1,1,0,0,0,0,0,0,1,0,0,0,0,NA,2010,2012,2,134
"133","Ask Jeeves","Information","Early search engine with butler mascot","$20M","Faded by 2007; lost to Google's algorithm and ad model; sold off","Innovation isn't enough",1,0,0,0,0,0,0,0,0,0,0,0,0,NA,1996,2007,11,135
"134","Bebo","Information","Social networking site popular in UK","$12.8M","Shut down in 2019; lost to Facebook; AOL mismanagement; sold cheap","Network effects can crush",1,0,0,0,0,0,0,0,1,0,0,0,0,NA,2005,2019,14,136
"135","Burbn","Information","Check-in app with photo-sharing","$0.5M","Closed in 2012 but pivoted to Instagram; too cluttered; users didn't care","Pivots can save",0,0,0,1,0,0,0,0,0,0,0,0,0,NA,2010,2012,2,137
"136","Canvas","Information","Collaborative document editing platform","$9M","Shut down in 2017; lost to Google Docs; Dropbox Paper; no differentiation","Stand out or drown",1,0,1,0,0,0,0,0,0,0,0,0,0,NA,2011,2017,6,138
"137","Change.org","Information","Petition platform for activism","$50M","Startup phase ""shut down"" 2022; monetization alienated users; growth slowed","Mission drift costs",0,0,0,0,0,0,1,0,0,0,0,0,0,NA,2007,2022,15,139
"138","Chirp","Information","App to share data via sound","$1.8M","Closed in 2016; niche; no real problem solved; adoption lagged","Cool doesn't equal useful",0,0,0,1,0,0,0,1,0,0,0,0,0,NA,2011,2016,5,140
"139","Cloudera","Information","Big data analytics platform","$300M","Wound down 2023; lost to AWS; Google BigQuery; went private","Giants eat niches",1,0,1,0,0,0,0,0,0,0,0,0,0,NA,2008,2023,15,141
"140","Cocoon","Information","Privacy-focused browser","$3M","Shut down 2022; lost to VPNs; Chrome; trust waned","Trust is currency",1,0,1,0,0,0,0,0,0,0,1,0,0,NA,2018,2022,4,142
"141","Codeacademy","Information","Online coding lessons","$42.5M","Acquired 2021; ""closed"" 2022; free tiers didn't convert; lost to Coursera","Freemium's a gamble",0,0,1,0,1,0,1,0,0,0,0,0,0,NA,2011,2022,11,143
"142","CollabFinder","Information","Matchmaking for project collaborators","$0.75M","Shut down 2018; too niche; lost to GitHub; LinkedIn","Networks need mass",1,1,1,0,0,0,0,1,0,0,0,0,0,NA,2011,2018,7,144
"143","Color Labs","Information","Photo-sharing by location","$41M","Closed 2014; confused users; lost to Instagram; Apple absorbed","Hype can't save fit",1,0,1,1,1,0,0,0,0,0,0,0,1,NA,2011,2014,3,145
"144","Connect","Information","Social networking via Facebook","$10M","Shut down 2016; lost to Facebook's own features; privacy issues","Don't bet on turf",1,0,0,0,0,1,0,0,0,0,1,0,0,NA,2010,2016,6,146
"145","Coub","Information","Short looping video app","$1M","Closed 2021; couldn't monetize; lost to TikTok","Timing and scale brutal",1,0,1,0,0,0,1,0,0,1,0,0,0,NA,2012,2021,9,147
"146","Domo","Information","Business intelligence dashboards","$690M","Scaled back 2023; lost to Tableau; Power BI; high costs","Big bets need wins",1,0,1,0,0,0,0,0,0,0,0,0,0,NA,2010,2023,13,148
"147","Digg","Information","Social news aggregator","$45M","Faded 2018; redesign tanked; lost to Reddit; sold cheap","User loyalty fragile",0,0,1,0,0,0,0,0,1,0,0,0,0,NA,2004,2018,14,149
"148","Drifty","Information","Ionic mobile app framework","$4.2M","Closed 2019; open-source didn't monetize; lost to React Native","Free doesn't pay",0,0,1,0,0,0,1,0,0,0,0,0,0,NA,2012,2019,7,150
"149","Dropbox Paper","Information","Collaborative doc tool","$1.7B (Dropbox)","Shut down 2021; lost to Google Docs; Notion","Stick to strengths",1,0,1,0,0,0,0,0,0,0,0,0,0,NA,2015,2021,6,151
"150","Evernote","Information","Note-taking app","$290M","Declined 2019; bloated features; lost to OneNote","Simplicity beats bloat",1,0,1,0,1,0,0,0,1,0,0,0,0,NA,2004,2019,15,152
"151","Exec","Information","On-demand personal assistants","$3.3M","Shut down 2015; thin margins; lost to TaskRabbit","Margins matter",0,1,1,0,0,0,0,0,0,0,0,0,0,NA,2012,2015,3,153
"152","EyeEm","Information","Photo-sharing and stock platform","$24M","Shut down 2023; lost to Getty; Unsplash","Scale beats niche",1,0,1,0,0,0,0,0,0,0,0,0,0,NA,2011,2023,12,154
"153","Factual","Information","Location data platform","$104M","Closed 2022; merged into Foursquare; lost to Google Maps","Data's only gold if sold",1,0,1,0,1,0,0,0,0,0,0,0,0,NA,2008,2022,14,155
"154","Formspring","Information","Anonymous Q&A social app","$14M","Shut down 2016; bullying scared users; lost to Facebook","Toxicity's a sword",1,0,0,0,0,0,0,0,0,0,1,0,0,NA,2009,2016,7,156
"155","Foursquare Swarm","Information","Check-in app with badges","$162M (Foursquare)","Ended 2021; check-ins faded; lost to Instagram","Trends fade fast",1,0,1,0,0,0,0,0,0,1,0,0,0,NA,2014,2021,7,157
"156","Friendster","Information","Early social network","$48.5M","Faded 2014; slow servers; lost to Facebook","Speed and UX trump",1,0,1,0,0,0,0,0,1,0,0,0,0,NA,2002,2014,12,158
"157","GeoCities","Information","Web hosting for personal pages","$0 (Yahoo $3.6B)","Shut down 2005; Yahoo neglect; lost to blogs","Adapt or atrophy",1,0,0,0,1,0,0,0,0,1,0,0,0,NA,1994,2005,11,159
"158","GetGlue","Information","Social TV check-in app","$24M","Closed 2016; Twitter; streaming outpaced; sold off","Niche trends risky",1,0,1,0,1,0,0,0,0,1,0,0,0,NA,2008,2016,8,160
"159","Gigya","Information","Social login identity tools","$104.6M","Ended 2018; SAP acquisition; lost to Google login","Regs and giants choke",1,0,0,0,1,0,0,0,0,0,0,1,0,NA,2006,2018,12,161
"160","Gimlet","Information","Podcasting narrative shows","$28.5M","Sold to Spotify 2021; couldn't scale profitably","Content's costly",0,0,0,0,1,0,1,0,0,0,0,0,0,NA,2014,2021,7,162
"161","Gowalla","Information","Location-based social app","$10.4M","Shut down 2012; lost to Foursquare; Facebook acquired","Winners take all",0,0,1,0,1,0,0,0,0,0,0,0,0,NA,2007,2012,5,163
"162","Grooveshark","Information","Music streaming with uploads","$4.9M","Shut down 2017; lawsuits over piracy; lost to Spotify","Legality's key",1,0,1,0,0,0,0,0,0,0,0,1,0,NA,2006,2017,11,164
"163","GroupMe","Information","Group messaging app","$11.5M","Acquired 2011; faded 2015; stagnated under Skype","Acquisition dead end",0,0,0,0,1,0,0,0,0,0,0,0,0,NA,2010,2015,5,165
"164","HootSuite Media","Information","Social media management tool","$249.9M","Scaled back 2023; lost to Sprout Social; native tools","Cash can't outrun",1,0,1,0,0,0,0,0,0,0,0,0,0,NA,2008,2023,15,166
"165","Houseparty","Information","Group video chat app","$70M","Shut down 2021; Epic acquired; lost to Zoom","Peaks don't last",1,0,1,0,1,0,0,0,0,1,0,0,0,NA,2016,2021,5,167
"166","Huddle","Information","Cloud collaboration for teams","$89.2M","Faded 2018; lost to Slack; Teams; sold off","Ecosystems win",1,0,1,0,1,0,0,0,0,0,0,0,0,NA,2006,2018,12,168
"167","Hulu Japan","Information","Streaming for Japan","$680M (Hulu)","Shut down 2019; sold to Nippon TV; lost to Netflix","Local beats generic",1,0,1,0,0,0,0,0,0,0,0,0,0,NA,2011,2019,8,169
"168","IFTTT","Information","Automation connecting apps","$62.5M","Scaled back 2022; free users didn't pay; lost to Zapier","Free can trap",0,0,1,0,0,0,1,0,0,0,0,0,0,NA,2010,2022,12,170
"169","Inkling","Information","Digital publishing for e-books","$48M","Closed 2020; lost to Kindle; Google Books","Niche needs demand",1,0,1,0,0,0,0,0,0,0,0,0,0,NA,2009,2020,11,171
"170","Instagram Live","Information","Live-streaming on Instagram","$57.5M (Instagram)","Phased out 2021; lost to TikTok; Meta shifted","Features can fade",1,0,1,0,0,0,0,0,0,0,0,0,0,NA,2016,2021,5,172
"171","Intercom","Information","Customer messaging platform","$240.8M","Startup phase ""shut down"" 2023; lost to Zendesk","Giants catch up",1,0,1,0,0,0,0,0,0,0,0,0,0,NA,2011,2023,12,173
"172","Invision","Information","Design collaboration platform","$350M","Scaled back 2023; lost to Figma; Adobe","Better beats big",1,0,1,0,0,0,0,0,0,0,0,0,0,NA,2011,2023,12,174
"173","Jetpac","Information","AI travel recommendation app","$4.4M","Closed 2016; Google bought; couldn't scale solo","Small can sell",0,0,0,0,1,0,0,1,0,0,0,0,0,NA,2011,2016,5,176
"174","Kik","Information","Messaging app for teens","$120.5M","Shut down 2022; privacy scandals; lost to WhatsApp","Trust is king",1,0,1,0,0,0,0,0,0,0,1,0,0,NA,2009,2022,13,177
"175","Knewton","Information","Adaptive learning platform","$182.3M","Sold 2020; overhyped AI; lost to Pearson","Prove the pudding",0,0,1,0,1,0,1,0,0,0,0,0,1,NA,2008,2020,12,178
"176","Mailbox","Information","Sleek email app","$5.3M","Shut down 2015; Dropbox bought; stagnated","Acquisition stalls",0,0,0,0,1,0,0,0,0,0,0,0,0,NA,2012,2015,3,179
"177","Maker Media","Information","DIY tech magazine and events","$10M","Closed 2019; print declined; events didn't cover costs","Passion doesn't pay",0,1,0,0,0,0,1,0,0,1,0,0,0,NA,2005,2019,14,180
"178","Medium One","Information","IoT data processing platform","$3M","Shut down 2020; lost to AWS IoT; low visibility","Giants dominate IoT",1,0,1,0,0,0,0,0,0,0,0,0,0,NA,2014,2020,6,181
"179","Milk","Information","Mobile apps like Oink","$1.5M","Closed 2014; Google bought; Oink flopped","Validate before build",0,0,0,1,1,0,0,0,0,0,0,0,0,NA,2011,2014,3,182
"180","Mixpanel","Information","User behavior analytics","$277M","Startup phase ""shut down"" 2023; lost to Amplitude","Lead or lose",1,0,1,0,0,0,0,0,0,0,0,0,0,NA,2009,2023,14,183
"181","Mobli","Information","Photo and video-sharing app","$86M","Shut down 2017; lost to Instagram","Stars don't guarantee",1,0,1,0,0,0,0,0,0,0,0,0,0,NA,2010,2017,7,184
"182","Music.ly","Information","Lip-sync video app","$16.1M","Merged into TikTok 2018; couldn't scale solo","Small fish swallowed",1,0,0,0,1,0,0,0,0,0,0,0,0,NA,2014,2018,4,185
"183","MySpace","Information","Social networking pioneer","$12.8M","Faded 2018; lost to Facebook; News Corp mismanaged","UX trumps leads",1,0,1,0,0,0,0,0,1,0,0,0,0,NA,2003,2018,15,186
"184","Netscape","Information","First big web browser","$20M","Shut down 2003; lost to Microsoft IE","Titans tilt field",1,0,0,0,0,0,0,0,0,0,0,0,0,NA,1994,2003,9,187
"185","NewsTilt","Information","Platform for journalists","$0.5M","Closed 2012; no journalists or readers; misread need","Markets need sides",0,1,0,1,0,0,0,0,0,0,0,0,0,NA,2010,2012,2,188
"186","Notion AI","Information","AI productivity feature","$343M (Notion)","Phased out 2023; didn't stand out","Features need identity",0,0,1,0,0,0,0,0,0,0,0,0,0,NA,2018,2023,5,189
"187","Nuzzel","Information","News curation via Twitter","$5.1M","Shut down 2019; Scroll acquired; lost to Twitter","Platforms evolve",1,0,1,0,1,1,0,0,0,0,0,0,0,NA,2012,2019,7,190
"188","Path","Information","Private social network","$59M","Closed 2018; niche; privacy scandal","Privacy's tightrope",1,0,1,0,0,0,0,1,0,0,1,0,0,NA,2010,2018,8,191
"189","Periscope","Information","Live-streaming app","$1.5M (Twitter $645M)","Shut down 2020; lost to Instagram Live","Trends shift platforms",1,0,1,0,0,0,0,0,0,1,0,0,0,NA,2015,2020,5,192
"190","Photobucket","Information","Photo-hosting site","$15M","Faded 2018; lost to Instagram; paywall backlash","Don't alienate base",1,0,1,0,0,0,0,0,0,1,0,0,0,NA,2003,2018,15,193
"191","Pinterest UK","Information","UK-specific curation","$1.5B (Pinterest)","Phased out 2020; absorbed by global Pinterest","Global trumps silos",1,0,0,0,0,0,0,0,0,0,0,0,0,NA,2012,2020,8,194
"192","Piston Cloud","Information","OpenStack cloud software","$12.5M","Sold 2017; lost to AWS; OpenStack free","Free kills premium",1,0,1,0,1,0,0,0,0,0,0,0,0,NA,2011,2017,6,195
"193","Plex","Information","Media server streaming","$60M","Startup phase ""shut down"" 2023; lost to Netflix","Niche caps growth",1,0,1,0,0,0,1,1,0,0,0,0,0,NA,2008,2023,15,196
"194","Pocket","Information","Save-for-later app","$14.5M","Acquired 2017; ""closed"" 2018; lost to Evernote","Free limits scale",0,0,1,0,1,0,1,0,0,0,0,0,0,NA,2007,2018,11,197
"195","Pulse","Information","News reader app","$10M","Sold to LinkedIn 2013; faded 2017; lost to Flipboard","Buyers can bury",0,0,1,0,1,0,0,0,0,0,0,0,0,NA,2010,2017,7,198
"196","Quibb","Information","Professional networking links","$0.75M","Shut down 2019; too niche; lost to LinkedIn","Niche needs scale",1,1,1,0,0,0,0,1,0,0,0,0,0,NA,2013,2019,6,199
"197","Quid","Information","AI trend analytics","$79M","Merged 2020; lost to Google Trends","Differentiation's key",1,0,1,0,1,0,0,0,0,0,0,0,0,NA,2008,2020,12,200
"198","Quixey","Information","Mobile app search engine","$165M","Shut down 2017; lost to Apple/Google search","Solve a real pain",1,0,0,0,0,0,0,0,0,1,0,0,1,NA,2009,2017,8,201
"199","Rap Genius","Information","Lyrics annotation site","$56.8M","Pivoted 2020; couldn't monetize; lost to Spotify","Monetize or fade",1,0,1,0,0,0,1,0,0,0,0,0,0,NA,2009,2020,11,202
"200","Readability","Information","Reading app with subscriptions","$1M","Shut down 2015; lost to Pocket's free model","Free wins over paid",0,0,1,0,0,0,1,0,0,0,0,0,0,NA,2009,2015,6,203
"201","Refresh","Information","Social CRM app","$10M","Acquired 2015; ""closed"" 2016; lost to LinkedIn","Big fish eat ideas",1,0,0,0,1,0,0,0,0,0,0,0,0,NA,2011,2016,5,204
"202","RethinkDB","Information","Open-source database","$12.2M","Shut down 2019; couldn't monetize; lost to MongoDB","Open source needs pay",0,0,1,0,0,0,1,0,0,0,0,0,0,NA,2009,2019,10,205
"203","Riffsy","Information","GIF search engine","$13M","Acquired 2018; ""closed"" 2019; lost to Gboard","Small gets scooped",1,0,0,0,1,0,0,0,0,0,0,0,0,NA,2013,2019,6,206
"204","Rockmelt","Information","Social browser","$40M","Shut down 2014; lost to Chrome; Yahoo bought","Simple beats quirky",1,0,1,0,1,0,0,0,0,0,0,0,0,NA,2009,2014,5,207
"205","Secret","Information","Anonymous social app","$35M","Shut down 2018; toxicity scared users; lost to Whisper","Anonymity's messy",0,0,1,0,0,0,0,0,0,0,1,0,0,NA,2014,2018,4,208
"206","ShareThis","Information","Social sharing widget","$64M","Faded 2020; lost to native sharing","Platforms steal thunder",1,0,0,0,0,1,0,0,0,0,0,0,0,NA,2007,2020,13,209
"207","Songza","Information","Mood-based music streaming","$6.7M","Acquired 2014; ""closed"" 2017; lost to Spotify","Small fries eaten",1,0,1,0,1,0,0,0,0,0,0,0,0,NA,2007,2017,10,210
"208","SoundCloud Go","Information","Paid streaming tier","$543M (SoundCloud)","Phased out 2022; free users didn't convert","Free roots deep",1,0,1,0,0,0,1,0,0,0,0,0,0,NA,2016,2022,6,211
"209","Soundwave","Information","Social music tracking","$2.5M","Shut down 2016; lost to Spotify","Crowds beat cults",1,0,1,0,0,0,0,1,0,0,0,0,0,NA,2012,2016,4,212
"210","Spoke","Information","AI workplace chatbot","$28M","Closed 2021; lost to Slack bots","Giants gobble niches",1,0,1,0,0,0,0,0,0,0,0,0,0,NA,2015,2021,6,213
"211","Substack Local","Information","Local newsletter funding","$82.4M (Substack)","Shut down 2023; costly; low readership","Local's tough sell",0,0,0,0,0,0,1,1,0,0,0,0,0,NA,2020,2023,3,214
"212","Tango","Information","Video chat with games","$367M","Faded 2020; lost to Zoom","Cash can't crowd out",1,0,1,0,0,0,0,0,0,0,0,0,0,NA,2009,2020,11,215
"213","Tasty Labs","Information","Social Q&A app","$2.5M","Shut down 2014; didn't catch on","Pedigree isn't enough",0,0,0,1,0,0,0,0,0,0,0,0,0,NA,2009,2014,5,216
"214","TinyChat","Information","Video chat rooms","$1.5M","Faded 2018; lost to Zoom","Basics beat quirky",1,0,1,0,0,0,0,0,0,0,0,0,0,NA,2009,2018,9,217
"215","Tinder Social","Information","Group hangout feature","$50M (Tinder)","Shut down 2021; confused users","Stick to your lane",0,0,1,1,0,0,0,0,0,0,0,0,0,NA,2016,2021,5,218
"216","TokBox","Information","Video chat platform","$26M","Acquired 2012; ""closed"" 2018; lost to Zoom","APIs eat pioneers",1,0,1,0,1,0,0,0,0,0,0,0,0,NA,2007,2018,11,219
"217","Top Hat","Information","Classroom engagement tools","$130.7M","Startup phase ""shut down"" 2022; lost to Google Classroom","Niche edtech ceilings",1,0,1,0,0,0,0,1,0,0,0,0,0,NA,2009,2022,13,220
"218","Topix","Information","Local news aggregator","$15M","Shut down 2018; lost to Facebook","Social kills local",1,0,0,0,0,0,0,0,0,1,1,0,0,NA,2004,2018,14,221
"219","Trello Gold","Information","Premium project management","$10M (Trello)","Phased out 2022; free sufficed","Free trumps upsell",0,0,1,0,0,0,1,0,0,0,0,0,0,NA,2017,2022,5,222
"220","Tumblr","Information","Microblogging platform","$125M","Faded 2020; Yahoo mismanaged; porn ban","Mismanagement burns",1,0,0,0,0,0,0,0,1,0,0,0,0,NA,2007,2020,13,223
"221","Treehouse","Information","Online coding school","$24.6M","Sold 2022; lost to free resources","Free eats paid",1,0,1,0,1,0,0,0,0,0,0,0,0,NA,2011,2022,11,224
"222","TuneIn Premium","Information","Paid radio streaming","$147.5M (TuneIn)","Phased out 2021; free users didn't pay","Free roots stifle",1,0,1,0,0,0,1,0,0,0,0,0,0,NA,2015,2021,6,225
"223","Twilio SendGrid","Information","Email API service","$80.9M (SendGrid)","Startup phase ""shut down"" 2023; lost to Mailchimp","Giants crowd out",1,0,1,0,0,0,0,0,0,0,0,0,0,NA,2015,2023,8,226
"224","Twitter Fabric","Information","Developer toolkit","$645M (Twitter)","Shut down 2020; Google bought parts","Focus drifts kill",1,0,1,0,1,0,0,0,0,0,0,0,0,NA,2014,2020,6,227
"225","Twitter Music","Information","Music discovery app","$645M (Twitter)","Shut down 2015; lost to Spotify","Stick to core",1,0,1,0,0,0,0,0,0,0,0,0,0,NA,2013,2015,2,228
"226","Udacity Blitz","Information","Freelance gig platform","$163M (Udacity)","Shut down 2022; lost to Upwork","Extensions need traction",0,0,1,0,0,0,0,0,0,0,0,0,0,NA,2017,2022,5,229
"227","Vdio","Information","Video streaming service","$2M (Rdio $125M)","Shut down 2015; lost to Netflix","Timing's everything",1,0,1,0,0,0,0,0,0,1,0,0,0,NA,2013,2015,2,230
"228","Vine","Information","Short-video app","$645M (Twitter)","Shut down 2017; Twitter neglected; lost to Snapchat","Neglect kills hits",1,0,1,0,1,0,0,0,0,0,0,0,0,NA,2012,2017,5,231
"229","VisiCalc","Information","First spreadsheet software","$0.5M","Faded 1984; lost to Lotus 1-2-3","Innovate or die",0,0,1,0,0,0,0,0,0,1,0,0,0,NA,1979,1984,5,232
"230","Whisper","Information","Anonymous social app","$61M","Faded 2020; toxicity; lost to Snapchat","Anonymity's gamble",1,0,1,0,0,0,0,0,0,0,1,0,0,NA,2012,2020,8,233
"231","WhoSay","Information","Celeb social platform","$12M","Shut down 2019; lost to X","Middlemen get cut",1,0,0,0,1,0,0,0,0,0,0,0,0,NA,2010,2019,9,234
"232","Wickr","Information","Secure messaging app","$73M","Acquired 2020; ""closed"" as standalone; lost to Signal","Privacy's crowded",0,0,1,0,1,0,0,0,0,0,0,0,0,NA,2012,2020,8,235
"233","Wishbone","Information","Polling app for teens","$8M","Faded 2019; lost to Instagram Stories","Fads burn out",1,0,1,0,0,0,0,1,0,1,0,0,0,NA,2013,2019,6,236
"234","Woo","Information","Dating app for pros","$1.5M","Closed 2018; lost to Tinder","Giants rule dating",1,1,1,0,0,0,0,0,0,0,0,0,0,NA,2013,2018,5,237
"235","Workable","Information","HR hiring software","$84M","Startup phase ""shut down"" 2022; lost to Lever","Scale or stall",0,0,1,0,0,0,0,0,0,0,0,0,0,NA,2012,2022,10,238
"236","Xmarks","Information","Bookmark sync tool","$2M","Shut down 2014; lost to browser sync","Tech shifts bury",1,0,0,0,1,0,0,0,0,1,0,0,0,NA,2006,2014,8,239
"237","Xobni","Information","Email plugin","$41.8M","Acquired 2013; ""closed"" 2013; lost to Gmail","Features swallow",1,0,0,0,1,0,0,0,0,0,0,0,0,NA,2006,2013,7,240
"238","Yahoo Answers","Information","Q&A platform","$1B+ (Yahoo)","Shut down 2020; spam; lost to Quora","Quality beats chaos",0,0,1,0,0,0,0,0,1,0,0,0,0,NA,2005,2020,15,241
"239","Yahoo Buzz","Information","Social news aggregator","$1B+ (Yahoo)","Closed 2012; lost to Digg","Latecomers lose",0,0,1,0,0,0,0,0,0,0,0,0,0,NA,2008,2012,4,242
"240","Yahoo Groups","Information","Online community forums","$1B+ (Yahoo)","Shut down 2013; Yahoo neglect","Neglect kills legacy",1,0,1,0,0,0,0,0,1,0,0,0,0,NA,1998,2013,15,243
"241","Yahoo Live","Information","Live-streaming platform","$1B+ (Yahoo)","Shut down 2010; low adoption","Timing's critical",0,0,0,1,0,0,0,0,0,1,0,0,0,NA,2008,2010,2,244
"242","Yammer","Information","Enterprise social network","$142M","Acquired 2012; ""closed"" 2018; lost to Slack","Buyouts can bury",1,0,1,0,1,0,0,0,0,0,0,0,0,NA,2008,2018,10,245
"243","Yik Yak","Information","Anonymous local social app","$73.5M","Shut down 2018; toxicity; lost to Snapchat","Anonymity's beast",1,0,1,0,1,0,0,0,0,0,1,0,0,NA,2013,2018,5,246
"244","Yo","Information","Minimalist messaging app","$1.5M","Faded 2018; novelty; no depth","Gimmicks don't last",0,1,0,1,0,0,0,0,0,0,0,0,1,NA,2014,2018,4,247
"245","Yola","Information","Website builder","$25M","Faded 2020; lost to Wix","Polish beats early",1,0,1,0,0,0,0,0,0,0,0,0,0,NA,2007,2020,13,248
"246","YouNow","Information","Live-streaming app","$30M","Faded 2022; lost to Twitch","Scale owns live",1,0,1,0,1,0,0,0,0,0,0,0,0,NA,2011,2022,11,249
"247","Zapier Plus","Information","Premium automation tier","$1.4M (Zapier)","Phased out 2023; free sufficed","Free caps premium",0,0,1,0,0,0,1,0,0,0,0,0,0,NA,2018,2023,5,250
"248","Zencoder","Information","Video encoding service","$2M","Acquired 2012; ""closed"" 2017; lost to Brightcove","Small exits fast",0,0,0,0,1,0,0,0,0,0,0,0,0,NA,2010,2017,7,251
"249","Zendesk Chat","Information","Live chat tool","$85.5M (Zendesk)","Phased out 2023; lost to Intercom","Features fade",1,0,1,0,0,0,0,0,0,0,0,0,0,NA,2015,2023,8,252
"250","Ziddu","Information","File-sharing platform","$1M","Faded 2019; lost to Dropbox","Free evolves fast",1,0,1,0,0,0,0,0,0,0,0,0,0,NA,2007,2019,12,253
"251","Zombie Labs","Information","Zombie-themed mobile games","$1.5M","Shut down 2020; lost to Supercell","Giants crush niches",1,1,1,0,0,0,0,1,0,0,0,0,0,NA,2015,2020,5,254
"252","Zoomdata","Information","Data visualization tool","$47.2M","Sold 2021; lost to Tableau","Ecosystems win",1,0,1,0,1,0,0,0,0,0,0,0,0,NA,2012,2021,9,255
"253","Zopim","Information","Live chat widget","$3M","Acquired 2014; ""closed"" 2016; lost to Zendesk","Small sells",0,0,0,0,1,0,0,0,0,0,0,0,0,NA,2008,2016,8,256
"254","Zscaler Shift","Information","Cloud security analytics","$33M (Zscaler)","Phased out 2023; lost to CrowdStrike","Sidekicks fade",1,0,1,0,0,0,0,0,0,0,0,0,0,NA,2018,2023,5,257
"255","Zulily","Information","Flash sales platform","$138M","Sold 2019; lost to Amazon","Deals die fast",1,0,1,0,1,0,0,0,0,1,0,0,0,NA,2009,2019,10,258
"256","Zumper Pro","Information","Rental listing premium","$171M (Zumper)","Phased out 2021; free listings won","Free trumps tiers",1,0,1,0,0,0,1,0,0,0,0,0,0,NA,2015,2021,6,260
"257","Zurb","Information","Design prototyping tool","$1M","Faded 2013; lost to Figma","Old tools rust",1,0,1,0,0,0,0,0,0,0,0,0,0,NA,1998,2013,15,261
"258","Zuuka","Information","Digital kids' storytelling","$2.5M","Shut down 2017; lost to Epic!","Kids' tech brutal",1,0,1,0,0,0,0,1,0,0,0,0,0,NA,2009,2017,8,262
"259","Zynga Games","Information","Social gaming giant","$866M","Faded 2019; mobile shift; sold 2022","Platforms shift",1,0,0,0,1,1,0,0,0,1,0,0,0,NA,2007,2019,12,263
"260","Blync","Information","Social polling app","$2M","Faded 2018; lost to Instagram Stories","Trends trump toys",1,0,1,0,0,0,0,0,0,1,0,0,0,NA,2013,2018,5,265
"261","BountyJobs","Information","Recruitment marketplace","$23.5M","Faded 2021; lost to LinkedIn","Scale beats middlemen",1,0,1,0,0,0,0,0,0,0,0,0,0,NA,2006,2021,15,266
"262","BranchOut","Information","LinkedIn on Facebook","$49M","Shut down 2017; lost to LinkedIn","Platforms don't mix",1,0,1,0,0,1,0,0,0,0,0,0,0,NA,2010,2017,7,267
"263","Burstly","Information","Mobile ad platform","$7.3M","Acquired 2014; ""closed"" 2014; lost to Apple","Buyouts can end",1,0,0,0,1,0,0,0,0,0,0,0,0,NA,2008,2014,6,268
"264","CloudHammer","Information","Cloud management tool","$1M","Shut down 2012; lost to AWS","Giants rewrite rules",1,1,0,0,0,0,0,0,0,0,0,0,0,NA,2007,2012,5,269
"265","Crunchyroll","Information","Anime streaming platform","$4.05M","Sold 2021; lost to Netflix","Niches get nabbed",1,0,1,0,1,0,0,0,0,0,0,0,0,NA,2006,2021,15,270
"266","Curse","Information","Gaming community platform","$58M","Acquired 2016; ""closed"" 2020; lost to Discord","Newcomers steal",1,0,1,0,1,0,0,0,0,0,0,0,0,NA,2006,2020,14,271
"267","DailyBurn","Information","Fitness video app","$0.525M","Sold 2010; faded 2019; lost to Fitbit","Tiny bets fade",1,1,1,0,1,0,0,0,0,0,0,0,0,NA,2007,2019,12,272
"268","Dailylook","Information","Fashion subscription boxes","$3.5M","Faded 2020; lost to Stitch Fix","Scale trumps style",1,0,1,0,0,0,0,0,0,0,0,0,0,NA,2011,2020,9,273
"269","Datto","Information","Backup and recovery software","$100M","Sold 2022; lost to Veeam","Giants catch up",0,0,1,0,1,0,0,0,0,0,0,0,0,NA,2007,2022,15,274
"270","Deem","Information","Travel management platform","$100M","Sold 2014; lost to Concur","Old tech rusts",1,0,1,0,1,0,0,0,0,0,0,0,0,NA,2000,2014,14,275
"271","Detour","Information","Audio tour app","$3M","Sold 2019; shut down; lost to Google Maps","Free beats curated",1,0,1,0,1,0,0,0,0,0,0,0,0,NA,2013,2019,6,276
"272","Disruptive Media","Information","Digital content platform","$1M","Closed 2017; lost to Medium","Giants own content",1,0,1,0,0,0,0,0,0,0,0,0,0,NA,2012,2017,5,277
"273","Divshot","Information","Web hosting builder","$1.8M","Acquired 2015; ""closed"" 2016; lost to Netlify","Small exits quick",1,0,1,0,1,0,0,0,0,0,0,0,0,NA,2011,2016,5,278
"274","Drawbridge","Information","Ad tech identity tracking","$46.5M","Sold 2021; privacy regs; lost to Google","Regs reshape ads",1,0,1,0,1,0,0,0,0,0,0,1,0,NA,2011,2021,10,279
"275","Dunwello","Information","Freelancer review platform","$1.2M","Closed 2018; lost to Upwork","Networks need mass",1,0,1,0,0,0,0,1,0,0,0,0,0,NA,2013,2018,5,280
"276","Everalbum","Information","Photo storage app","$2M","Shut down 2019; lost to Google Photos","Giants own storage",1,0,1,0,0,0,0,0,0,0,0,0,0,NA,2013,2019,6,281
"277","Friend.ly","Information","Social Q&A app","$1M","Closed 2013; lost to X","Fads need legs",1,0,0,0,0,0,0,0,0,1,0,0,0,NA,2010,2013,3,282
"278","Frontback","Information","Dual-camera photo app","$3M","Shut down 2016; lost to Instagram","Quirks don't scale",1,0,1,0,0,0,0,1,0,0,0,0,0,NA,2013,2016,3,283
"279","Froyo","Information","Social gaming app","$1.5M","Closed 2016; lost to Candy Crush","Hits beat casual",1,0,1,0,0,0,0,1,0,0,0,0,0,NA,2012,2016,4,284
"280","GoAnimate","Information","DIY animation tool","$10M","Sold 2021; lost to Powtoon","Scale beats tools",1,0,1,0,1,0,0,0,0,0,0,0,0,NA,2007,2021,14,285
"281","Hitpost","Information","Sports social app","$1M","Closed 2013; lost to X","Giants own fandom",1,0,0,0,0,0,0,1,0,0,0,0,0,NA,2009,2013,4,286
"282","Homer","Information","Kids' reading app","$2.2M","Sold 2019; lost to Epic!","Kids' ed needs scale",1,0,1,0,1,0,0,0,0,0,0,0,0,NA,2013,2019,6,287
"283","Hot Potato","Information","Social check-in app","$1.4M","Acquired 2011; shut down; lost to Foursquare","Early exits end",0,0,1,0,1,0,0,0,0,0,0,0,0,NA,2009,2011,2,288
"284","Humanoid","Information","Content curation platform","$1M","Closed 2017; lost to Medium","Curation needs clout",1,0,1,0,0,0,0,0,0,0,0,0,0,NA,2012,2017,5,289
"285","Airware","Manufacturing","Drone hardware/software for industry","$70M","Lost to DJI and high costs","Drones need simplicity",1,1,1,0,0,0,0,0,0,0,0,0,0,NA,2011,2018,7,290
"286","Anki","Manufacturing","AI-powered toy robots","$200M","High costs and competition from Lego/Sphero","Consumer hardware needs mass pricing",1,1,1,0,0,0,0,0,0,0,0,0,0,NA,2010,2019,9,291
"287","Aptera Motors","Manufacturing","Three-wheeled electric vehicles","$40M","Lost to Tesla and quirky design","EVs need mainstream appeal",1,0,1,1,0,0,0,0,0,0,0,0,0,NA,2005,2011,6,292
"288","Aria Insights","Manufacturing","Tethered industrial drones","$39M","Small market and lost to DJI/Skydio","Hardware niches need big adopters",1,0,1,1,0,0,0,1,0,0,0,0,0,NA,2008,2019,11,293
"289","August Home","Manufacturing","Smart locks and doorbells","$73M","Lost to Ring/Nest and acquired","Smart home needs ecosystem power",1,0,1,0,1,0,0,0,0,0,0,0,0,NA,2012,2017,5,294
"290","BeagleBone","Manufacturing","Open-source computers","$5M","Lost to Raspberry Pi and small niche","Open-source needs community",1,0,1,1,0,0,0,1,0,0,0,0,0,NA,2011,2018,7,295
"291","Better Place","Manufacturing","EVs with swappable batteries","$850M","Lost to Tesla and high infra costs","Infra needs buy-in",1,1,1,0,0,0,0,0,0,0,0,0,0,NA,2007,2013,6,296
"292","Butterfly Network","Manufacturing","Handheld ultrasound device","$400M","Lost to GE/Philips and slow adoption","Medical hardware needs fast inroads",1,1,1,1,0,0,0,0,0,0,0,0,0,NA,2011,2020,9,297
"293","Cubelets","Manufacturing","Modular toy robots","$10M","Lost to Lego/Sphero and niche focus","Edtech needs scale",1,0,1,1,0,0,0,1,0,0,0,0,0,NA,2011,2020,9,298
"294","Dyson's EV Project","Manufacturing","Electric vehicle","$2.7B","Lost to Tesla/Nio and high costs","EVs are a giant’s game",1,1,1,0,0,0,0,0,0,0,0,0,1,NA,2017,2019,2,299
"295","Elio Motors","Manufacturing","Cheap three-wheeled car","$30M","Lost to Toyota/Honda and delays","Cheap cars need delivery",1,0,1,0,0,0,0,0,1,0,0,0,0,NA,2009,2020,11,300
"296","Essential Products","Manufacturing","Premium smartphones","$330M","Poor sales vs Apple/Samsung","Smartphone giants are unbeatable",1,1,1,0,0,0,0,0,0,0,0,0,1,NA,2015,2020,5,301
"297","Faraday Future","Manufacturing","Luxury electric vehicles","$3.5B","Mismanagement and Tesla/Rivian competition","EV hype needs execution",1,1,1,0,0,0,0,0,1,0,0,0,1,NA,2014,2023,9,302
"298","Fisker Automotive","Manufacturing","Luxury hybrid-electric cars","$1.4B","Lost to Tesla and supplier failure","Luxury EVs need reliability",1,1,1,0,0,1,0,0,1,0,0,0,0,NA,2007,2013,6,303
"299","GoPro Karma","Manufacturing","Consumer drone","$200M","Lost to DJI and recall issues","Drones need perfection",1,0,1,0,0,0,0,0,1,0,0,0,0,NA,2015,2018,3,304
"300","Hello","Manufacturing","Sleep-tracking orb","$40M","Lost to Fitbit/Apple Watch","Sleep tech must be wearable",1,0,1,0,0,0,0,0,0,1,0,0,0,NA,2012,2017,5,305
"301","Juicero","Manufacturing","Wi-Fi juicer","$120M","Overkill product vs Ninja/Breville","Hardware must solve real problems",1,1,1,0,0,0,0,0,1,1,0,0,0,NA,2013,2017,4,307
"302","Light","Manufacturing","Multi-lens camera","$70M","Smartphones caught up","Cameras can’t outrun trends",1,1,1,0,0,0,0,0,0,1,0,0,0,NA,2013,2020,7,308
"303","Lily Robotics","Manufacturing","Self-flying drone camera","$15M+$34M pre-orders","Couldn’t deliver vs DJI","Don’t overpromise hardware",1,1,1,0,0,0,0,0,1,0,0,0,1,NA,2013,2017,4,309
"304","Lytro","Manufacturing","Light-field cameras","$200M","Smartphones matched it vs Canon/Nikon","Cameras can’t beat smartphones",1,1,1,0,0,0,0,0,0,1,0,0,0,NA,2006,2018,12,310
"305","MakerBot","Manufacturing","Desktop 3D printers","$10M+$403M acquisition","Lost to Ultimaker/Prusa post-acquisition","3D printing needs precision",1,0,1,0,1,0,0,0,1,0,0,0,0,NA,2009,2017,8,311
"306","Osmo Systems","Manufacturing","IoT water sensors","$3M","Niche market vs Hach","IoT needs a big niche",1,0,1,1,0,0,0,1,0,0,0,0,0,NA,2013,2020,7,312
"307","Pearl Automation","Manufacturing","Car rearview cameras","$50M","Lost to Tesla/Ford built-ins","Auto tech must beat OEMs",1,0,1,1,0,0,0,0,0,0,0,0,0,NA,2014,2017,3,313
"308","Pebble","Manufacturing","Smartwatches","$40M","Lost to Apple Watch and sold","Smartwatches need ecosystems",1,0,1,0,1,0,0,0,0,0,0,0,0,NA,2012,2016,4,314
"309","Quanergy","Manufacturing","LiDAR for autonomous vehicles","$160M","Lost to Velodyne/Luminar and delays","LiDAR needs booming market",1,1,1,0,0,0,0,0,0,0,0,0,0,NA,2012,2022,10,315
"310","Rethink Robotics","Manufacturing","Collaborative robots","$150M","Lost to Universal Robots/Fanuc","Robotics demands ROI",1,1,1,0,0,0,0,0,0,0,0,0,0,NA,2008,2018,10,316
"311","Skully Helmets","Manufacturing","AR motorcycle helmets","$15M","Mismanagement and no product vs Nolan/Shoei","AR needs execution",1,1,1,0,0,0,0,0,1,0,0,0,1,NA,2013,2016,3,317
"312","Thalmic Labs","Manufacturing","Gesture-control armband","$135M","Lost to Leap Motion/Oculus and sold","Wearables need a killer app",1,0,1,0,1,0,0,0,0,0,0,0,0,NA,2012,2020,8,318
"313","Zume","Manufacturing","Robotic pizza systems","$375M","High costs vs Domino’s/Papa John’s","Food tech needs efficiency",1,1,1,0,0,0,0,0,0,0,0,0,0,NA,2015,2023,8,319
"314","99dresses","Retail Trade","Fashion swapping app","$0.5M","Shut down 2013; low retention; funding fell through","Retention is king",0,1,0,1,0,0,0,1,0,0,0,0,0,NA,2010,2013,3,320
"315","Ahalife","Retail Trade","Curated luxury goods marketplace","$20M","Closed 2017; high marketing costs; lost to Amazon","Niche doesn't defend",1,0,1,0,0,0,1,1,0,0,0,0,0,NA,2010,2017,7,321
"316","AllRomance","Retail Trade","E-book retailer for romance novels","$1M","Closed 2016; financial losses; lost to Kindle","Adapt or die",1,1,0,0,0,0,1,0,1,0,0,0,0,NA,2006,2016,10,322
"317","Auctionata","Retail Trade","Online auction house for art and luxury","$95M","Shut down 2018; high costs; lost to eBay; valuation scandal","Trust and economics matter",1,0,1,0,0,0,0,0,1,0,1,0,0,NA,2012,2018,6,323
"318","Augury Books","Retail Trade","Indie e-commerce bookstore for poetry","$0.5M","Closed 2017; couldn't scale; lost to Amazon","Niche retail bleeds",1,1,0,0,0,0,0,1,0,0,0,0,0,NA,2012,2017,5,324
"319","Beepi","Retail Trade","Peer-to-peer used car marketplace","$150M","Shut down 2017; high shipping costs; cash burned out","Costs can kill",1,1,0,0,0,0,1,0,1,0,0,0,0,NA,2013,2017,4,325
"320","Boxed","Retail Trade","Bulk e-commerce platform","$326M","Bankruptcy 2021; lost to Amazon; high shipping costs","Scale trumps convenience",1,0,1,0,0,0,1,0,0,0,0,0,0,NA,2013,2021,8,326
"321","BurstIQ","Retail Trade","Blockchain health data marketplace","$5.8M","Faded 2022; low adoption; lost to data brokers","Tech alone doesn't sell",0,0,1,1,0,0,0,1,0,0,0,1,0,NA,2015,2022,7,327
"322","Carwoo","Retail Trade","Online car-buying platform","$15M","Closed 2015; dealers resisted; cash ran dry","Resistance stalls disruption",0,1,1,0,0,0,0,0,0,0,0,0,0,NA,2009,2015,6,328
"323","Catelyn","Retail Trade","Subscription jewelry rental service","$2M","Shut down 2018; low demand; lost to Stitch Fix","Niche needs traction",0,0,1,1,0,0,0,1,0,0,0,0,0,NA,2015,2018,3,329
"324","Chinictown","Retail Trade","E-commerce for Chinese gadgets","$1M","Closed 2017; lost to Amazon; shipping delays","Speed beats novelty",1,1,0,0,0,0,1,0,0,0,0,0,0,NA,2013,2017,4,330
"325","Combatant Gentlemen","Retail Trade","Online menswear brand","$35M","Bankruptcy 2020; overexpansion; quality issues","Quality over growth",1,0,1,0,0,0,0,0,1,0,0,0,0,NA,2012,2020,8,331
"326","ContextLogic","Retail Trade","Discount e-commerce app (Wish)","$1.8B","Faded 2023; low-quality goods; lost to Amazon","Cheap doesn't last",1,0,1,0,0,0,0,0,0,1,1,0,0,NA,2010,2023,13,332
"327","Crate","Retail Trade","Online furniture rental service","$4M","Shut down 2018; soft demand; high logistics costs","Niche needs a hook",0,1,0,1,0,0,0,1,0,0,0,0,0,NA,2014,2018,4,333
"328","Din","Retail Trade","Curated online grocery platform","$3M","Closed 2016; local limits; lost to Instacart","Local limits growth",1,1,1,0,0,0,0,1,0,0,0,0,0,NA,2013,2016,3,334
"329","Dot & Bo","Retail Trade","Online home decor retailer","$20M","Shut down 2018; overexpansion; lost to Wayfair","Cash burn kills curation",1,0,1,0,0,0,0,0,1,0,0,0,0,NA,2013,2018,5,335
"330","Drizly","Retail Trade","Alcohol delivery app","$120M","Sold 2021; faded 2023; Uber struggled with regs","Regs and giants choke",1,0,1,0,1,0,0,0,0,0,0,1,0,NA,2012,2023,11,336
"331","Drync","Retail Trade","Wine e-commerce and discovery app","$7M","Closed 2019; lost to Wine.com; low margins","Niche needs volume",0,0,1,0,0,0,1,1,0,0,0,0,0,NA,2012,2019,7,337
"332","Ecomom","Retail Trade","Eco-friendly baby products e-commerce","$12M","Shut down 2013; mismanagement; lost to Amazon","Execution beats ethos",1,1,0,0,0,0,0,0,1,0,1,0,0,NA,2009,2013,4,338
"333","ElectricObjects","Retail Trade","Digital art screens retailer","$6M","Closed 2020; niche demand; lost to TVs","Hardware's a gamble",1,1,0,1,0,0,0,1,0,0,0,0,0,NA,2014,2020,6,339
"334","Fab.com","Retail Trade","Flash-sale design retailer","$336M","Sold 2018; overexpansion; lost to Amazon","Growth needs profit",1,0,1,0,0,0,0,0,1,0,0,0,1,NA,2011,2018,7,340
"335","Fancy","Retail Trade","Social e-commerce platform","$80M","Faded 2019; low conversion; lost to Amazon","Curation needs cash flow",1,0,0,0,0,0,1,0,0,0,0,0,0,NA,2010,2019,9,341
"336","Fashism","Retail Trade","Fashion advice app","$5M","Closed 2014; low engagement; lost to Instagram","Social needs stickiness",1,0,0,1,0,0,0,1,0,0,0,0,0,NA,2009,2014,5,342
"337","Fiksu","Retail Trade","Mobile marketing for retail apps","$17M","Faded 2018; lost to Google/Facebook ads","Giants own ads",1,1,0,0,0,0,1,0,0,0,0,0,0,NA,2008,2018,10,343
"338","Fobo","Retail Trade","Local food surplus marketplace","$2M","Closed 2017; low adoption; lost to DoorDash","Supply needs demand",1,0,1,1,0,0,0,0,0,0,0,0,0,NA,2013,2017,4,344
"339","Gilt Taste","Retail Trade","Gourmet food e-commerce","$250M (Gilt)","Shut down 2016; high costs; sold off","Luxury needs volume",0,0,0,0,1,0,1,1,0,0,0,0,0,NA,2011,2016,5,345
"340","Goldbely","Retail Trade","Gourmet food delivery service","$33M","Sold 2019; shipping costs; lost to DoorDash","Logistics eat profits",1,0,1,0,0,0,1,0,0,0,0,0,0,NA,2012,2019,7,346
"341","Good Eggs","Retail Trade","Online grocery delivery","$200M","Scaled back 2022; high costs; lost to Amazon Fresh","Freshness costs",1,0,1,0,0,0,0,0,1,0,0,0,0,NA,2011,2022,11,347
"342","Graze","Retail Trade","Snack subscription box","$10M","Sold 2019; faded 2020; lost to Amazon","Subscriptions need stickiness",1,0,0,0,1,0,0,0,0,0,0,0,0,NA,2008,2019,11,348
"343","Groupon Now","Retail Trade","Real-time deal app","$950M (Groupon)","Phased out 2015; low need; lost to Yelp","Timing trumps deals",1,0,1,0,0,0,0,0,0,1,0,0,0,NA,2011,2015,4,349
"344","Havenly","Retail Trade","Online interior design service","$85M","Startup phase ""shut down"" 2023; lost to Wayfair","Scale beats service",1,0,1,0,0,0,0,0,0,0,0,0,0,NA,2014,2023,9,350
"345","Heyday","Retail Trade","Skincare e-commerce and spas","$25M","Closed 2023; lost to Sephora; high costs","Personalization's pricey",1,0,1,0,0,0,0,0,1,0,0,0,0,NA,2018,2023,5,351
"346","HobbyDB","Retail Trade","Collectibles marketplace","$8M","Faded 2022; too niche; lost to eBay","Niche needs traffic",1,0,0,0,0,0,0,1,0,0,0,0,0,NA,2014,2022,8,352
"347","Homejoy","Retail Trade","On-demand cleaning service","$40M","Shut down 2016; legal issues; lost to Handy","Service needs trust",0,0,1,0,0,0,0,0,1,0,1,1,0,NA,2012,2016,4,353
"348","Hush","Retail Trade","Sleep products e-commerce","$5M","Closed 2020; lost to Casper; low scale","Niche needs edge",0,0,1,0,0,0,0,1,0,0,0,0,0,NA,2016,2020,4,354
"349","Ibotta","Retail Trade","Cashback rewards app","$13M","Faded 2022; lost to Rakuten; low retailer uptake","Loyalty needs scale",0,0,1,0,0,0,0,0,0,0,0,0,0,NA,2011,2022,11,355
"350","Imercive","Retail Trade","Interactive shopping platform","$2M","Closed 2015; lost to Amazon; low adoption","Innovation needs buyers",1,1,0,1,0,0,0,0,0,0,0,0,0,NA,2010,2015,5,356
"351","Incredibowl","Retail Trade","Smoking accessories e-commerce","$1M","Closed 2015; lost to Amazon; niche limits","Niche needs volume",1,0,0,0,0,0,0,1,0,0,0,0,0,NA,2010,2015,5,357
"352","Ipsy","Retail Trade","Beauty subscription box","$100M","Faded 2023; lost to Sephora; saturated market","Subscriptions saturate",1,0,1,0,0,0,0,0,0,0,0,0,0,NA,2011,2023,12,358
"353","Ista","Retail Trade","Fashion rental marketplace","$3M","Closed 2018; lost to Rent the Runway; low demand","Rentals need pull",0,0,1,1,0,0,0,0,0,0,0,0,0,NA,2013,2018,5,359
"354","JustFab","Retail Trade","Fashion subscription service","$76M","Faded 2022; billing complaints; lost to Nordstrom","Trust trumps trends",1,0,1,0,0,0,0,0,0,0,1,0,0,NA,2010,2022,12,360
"355","Karma","Retail Trade","Mobile deals marketplace","$5M","Closed 2018; lost to Groupon; low scale","Deals need reach",0,0,1,0,0,0,0,1,0,0,0,0,0,NA,2012,2018,6,361
"356","Kozmo.com","Retail Trade","Urban free delivery service","$110M","Closed 2002; free delivery killed margins; dot-com bust","Free's a trap",1,1,0,0,0,0,1,0,0,1,0,0,1,NA,1998,2002,4,362
"357","Lot18","Retail Trade","Wine flash-sale site","$10M","Faded 2018; lost to Wine.com; low margins","Niche needs profit",0,0,1,0,0,0,1,1,0,0,0,0,0,NA,2010,2018,8,363
"358","Markafoni","Retail Trade","Fashion e-commerce in Turkey","$15M","Closed 2018; lost to local rivals; high costs","Local giants win",0,0,1,0,0,0,0,0,1,0,0,0,0,NA,2008,2018,10,364
"359","Massdrop","Retail Trade","Group-buy electronics retailer","$20M","Faded 2022; lost to Amazon; niche limits","Niche caps growth",1,0,0,0,0,0,0,1,0,0,0,0,0,NA,2012,2022,10,365
"360","Mayvenn","Retail Trade","Hair extension e-commerce","$40M","Faded 2022; lost to Amazon; high costs","Niche needs scale",1,0,0,0,0,0,0,1,1,0,0,0,0,NA,2013,2022,9,366
"361","Memebox","Retail Trade","Korean beauty subscription","$60M","Faded 2021; lost to Sephora; saturated market","Beauty saturates",1,0,1,0,0,0,0,0,0,0,0,0,0,NA,2012,2021,9,367
"362","ModCloth","Retail Trade","Indie fashion e-commerce","$80M","Sold 2017; faded 2020; Walmart diluted it","Identity matters",1,0,0,0,1,0,0,0,1,0,0,0,0,NA,2002,2017,15,368
"363","MoveLoot","Retail Trade","Used furniture marketplace","$22M","Closed 2017; logistics costs; lost to eBay","Logistics sink niches",1,1,0,0,0,0,1,1,0,0,0,0,0,NA,2013,2017,4,369
"364","Nasty Gal","Retail Trade","Fast-fashion e-commerce","$160M","Bankruptcy 2017; mismanagement; lost to ASOS","Growth needs control",0,0,1,0,0,0,0,0,1,0,1,0,0,NA,2006,2017,11,370
"365","One Kings Lane","Retail Trade","Home decor e-commerce","$225M","Sold 2019; lost to Wayfair; high costs","Scale beats decor",1,0,1,0,0,0,0,0,1,0,0,0,0,NA,2009,2019,10,371
"366","Operator","Retail Trade","AI shopping assistant app","$10M","Closed 2020; lost to Amazon; low adoption","AI needs buyers",1,0,0,1,0,0,0,0,0,0,0,0,0,NA,2015,2020,5,372
"367","Outdoor Voices","Retail Trade","Activewear e-commerce","$75M","Faded 2022; lost to Lululemon; overexpansion","Fashion needs edge",0,0,1,0,0,0,0,0,1,0,0,0,0,NA,2013,2022,9,373
"368","Peerby","Retail Trade","Peer-to-peer rental marketplace","$5M","Faded 2021; low uptake; lost to eBay","Rentals need scale",1,0,0,1,0,0,0,0,0,0,0,0,0,NA,2012,2021,9,374
"369","PetCube","Retail Trade","Pet tech e-commerce","$13M","Faded 2020; lost to Amazon; niche limits","Niche caps tech",1,0,0,0,0,0,0,1,0,0,0,0,0,NA,2012,2020,8,375
"370","Pets.com","Retail Trade","Online pet supply retailer","$300M","Shut down 2000; high shipping costs; dot-com bust","Margins beat hype",1,1,0,0,0,0,1,0,0,1,0,0,1,NA,1998,2000,2,376
"371","Plum","Retail Trade","Kids' clothing subscription","$8M","Closed 2020; lost to Amazon; low demand","Niche needs kids",1,0,0,1,0,0,0,1,0,0,0,0,0,NA,2014,2020,6,377
"372","Plum District","Retail Trade","Mom-focused deal site","$10M","Faded 2017; lost to Groupon; deal fatigue","Deals fade fast",0,0,1,0,0,0,0,0,0,1,0,0,0,NA,2010,2017,7,378
"373","PopSugar Shop","Retail Trade","Lifestyle e-commerce","$15M","Faded 2021; lost to Amazon; low scale","Lifestyle needs reach",1,0,0,0,0,0,0,1,0,0,0,0,0,NA,2015,2021,6,379
"374","Poshmark UK","Retail Trade","UK fashion resale marketplace","$70M (Poshmark)","Faded 2020; lost to Depop; low UK traction","Resale needs local",0,0,1,0,0,0,0,0,0,0,0,0,0,NA,2012,2020,8,380
"375","Quirky","Retail Trade","Crowd-sourced product retailer","$79M","Bankruptcy 2019; high costs; lost to Amazon","Crowds don't profit",1,0,0,0,0,0,0,0,1,1,0,0,1,NA,2009,2019,10,381
"376","Raise","Retail Trade","Gift card marketplace","$60M","Faded 2022; lost to Amazon; low margins","Gift cards need scale",1,0,0,0,0,0,1,0,0,0,0,0,0,NA,2013,2022,9,382
"377","Rent the Runway UK","Retail Trade","UK fashion rental service","$500M (RtR)","Faded 2021; lost to local rivals; low demand","Rentals need fit",0,0,1,1,0,0,0,0,0,0,0,0,0,NA,2015,2021,6,383
"378","RetailMeNot UK","Retail Trade","UK coupon platform","$300M (RetailMeNot)","Faded 2020; lost to local sites; deal fatigue","Coupons fade too",0,0,1,0,0,0,0,0,0,1,0,0,0,NA,2012,2020,8,384
"379","Sampling Lab","Retail Trade","Sample product marketplace","$2M","Closed 2017; lost to Amazon; low scale","Samples need reach",1,0,0,0,0,0,0,1,0,0,0,0,0,NA,2013,2017,4,385
"380","Selltag","Retail Trade","Social selling app","$1M","Closed 2016; lost to eBay; low uptake","Social needs buyers",1,0,0,1,0,0,0,0,0,0,0,0,0,NA,2013,2016,3,386
"381","ShopKeep","Retail Trade","POS for small retailers","$35M","Faded 2020; lost to Square; low scale","POS needs giants",0,0,1,0,0,0,0,0,0,0,0,0,0,NA,2008,2020,12,387
"382","Shopkick","Retail Trade","Retail rewards app","$15M","Faded 2020; sold to Trax; lost to Amazon","Loyalty needs giants",1,1,0,0,1,1,0,0,0,0,0,0,0,NA,2009,2020,11,388
"383","Shoptiques","Retail Trade","Boutique e-commerce aggregator","$10M","Faded 2020; lost to Etsy; low scale","Boutiques need reach",1,0,0,0,0,0,0,1,0,0,0,0,0,NA,2012,2020,8,389
"384","Slice","Retail Trade","Shopping tracker app","$15M","Faded 2021; lost to Amazon; low adoption","Tracking needs pull",1,0,0,1,0,0,0,0,0,0,0,0,0,NA,2010,2021,11,390
"385","Spring","Retail Trade","Fashion marketplace app","$65M","Faded 2019; lost to Amazon; high costs","Fashion needs scale",1,0,0,0,0,0,0,0,1,0,0,0,0,NA,2013,2019,6,391
"386","Teespring","Retail Trade","Custom apparel platform","$55M","Faded 2021; lost to Amazon; low margins","Custom needs profit",1,0,0,0,0,0,1,0,0,0,0,0,0,NA,2011,2021,10,392
"387","ThredUp Goody","Retail Trade","Resale clothing subscription","$300M (ThredUp)","Faded 2023; lost to ThredUp core; low demand","Resale needs core",0,0,1,1,0,0,0,0,0,0,0,0,0,NA,2018,2023,5,393
"388","ThriftBooks Indie","Retail Trade","Indie used book marketplace","$5M","Faded 2020; lost to Amazon; low scale","Books need giants",1,0,0,0,0,0,0,1,0,0,0,0,0,NA,2015,2020,5,394
"389","Thrillist Rewards","Retail Trade","Lifestyle rewards program","$10M","Faded 2018; lost to Amazon; low uptake","Rewards need pull",1,0,0,1,0,0,0,0,0,0,0,0,0,NA,2013,2018,5,395
"390","Thrive Market Organic","Retail Trade","Organic food subscription","$150M (Thrive)","Faded 2023; lost to Whole Foods; high costs","Organic needs scale",1,0,1,0,0,0,0,0,1,0,0,0,0,NA,2018,2023,5,396
"391","ToVieFor","Retail Trade","Fashion deal site","$2M","Closed 2015; lost to Gilt; deal fatigue","Deals tire out",0,0,1,0,0,0,0,0,0,1,0,0,0,NA,2010,2015,5,397
"392","Tradesy","Retail Trade","Luxury resale marketplace","$75M","Faded 2021; lost to The RealReal; low scale","Luxury needs reach",0,0,1,0,0,0,0,1,0,0,0,0,0,NA,2012,2021,9,398
"393","Trunk Club","Retail Trade","Personal styling service","$17M","Shut down 2019; Nordstrom flopped; lost to Stitch Fix","Curation needs scale",1,0,1,0,1,0,0,0,0,0,0,0,0,NA,2010,2019,9,399
"394","Try.com","Retail Trade","Try-before-you-buy fashion","$10M","Faded 2022; lost to Amazon Wardrobe; low adoption","Try needs buyers",1,0,0,1,0,0,0,0,0,0,0,0,0,NA,2018,2022,4,400
"395","Webvan","Retail Trade","Online grocery delivery","$122M","Shut down 1999; overspent on warehouses; dot-com bust","Scale needs demand",1,1,0,0,0,0,1,0,1,1,0,0,1,NA,1996,1999,3,401
"396","Wittlebee","Retail Trade","Kids' clothing subscription","$3M","Closed 2015; lost to Amazon; low demand","Kids need scale",1,0,0,1,0,0,0,1,0,0,0,0,0,NA,2012,2015,3,402
"397","Woot","Retail Trade","Daily deal site","$5M","Sold 2010; faded 2016; lost to Amazon; deal fatigue","Deals lose steam",1,0,0,0,1,0,0,0,0,1,0,0,0,NA,2004,2016,12,403
"398","Yelp Deals","Retail Trade","Local deal platform","$500M (Yelp)","Faded 2019; lost to Groupon; deal fatigue","Deals fade out",0,0,1,0,0,0,0,0,0,1,0,0,0,NA,2011,2019,8,404
"399","Zaarly","Retail Trade","Local service marketplace","$15M","Faded 2017; lost to TaskRabbit; low scale","Services need reach",0,0,1,0,0,0,0,1,0,0,0,0,0,NA,2011,2017,6,405
"400","Zappos Labs","Retail Trade","Experimental retail projects","$1.5B (Zappos)","Faded 2018; lost to Amazon core; low impact","Experiments need wins",1,0,0,0,0,0,0,0,0,0,0,0,0,NA,2013,2018,5,406
"401","Zappos Local","Retail Trade","Local shopping platform","$1.5B (Zappos)","Faded 2020; lost to Amazon; low uptake","Local needs pull",1,0,0,1,0,0,0,0,0,0,0,0,0,NA,2015,2020,5,407
"402","Zing","Retail Trade","Niche gadget retailer","$3M","Closed 2018; lost to Amazon; low scale","Gadgets need giants",1,0,0,0,0,0,0,1,0,0,0,0,0,NA,2013,2018,5,408
"403","Zola Books","Retail Trade","Indie e-book retailer","$10M","Faded 2019; lost to Amazon; low demand","Books need scale",1,0,0,0,0,0,0,1,0,0,0,0,0,NA,2013,2019,6,409
